路口编号,路口名称,相位,流向名称,线圈个数,车道线圈编号,车道线圈编号,车道线圈编号,车道线圈编号,,
61,庆春路-双菱路,A,西直,3,3,4,5,,,
61,庆春路-双菱路,AD,东直,3,9,10,11,,,
61,庆春路-双菱路,B,西左,2,1,2,,,,
61,庆春路-双菱路,BD,东左,1,8,,,,,
61,庆春路-双菱路,C,南直,2,6,7,,,,
61,庆春路-双菱路,C,北直,2,13,14,,,,
62,庆春路东路秋涛北路,B,西左,2,1,2,,,,
62,庆春路东路秋涛北路,A,西直,2,3,4,,,,
62,庆春路东路秋涛北路,AF,东直,2,11,12,,,,
62,庆春路东路秋涛北路,BF,东左,1,10,,,,,
62,庆春路东路秋涛北路,DE,北左,1,13,,,,,
62,庆春路东路秋涛北路,C,南直,2,7,8,,,,
62,庆春路东路秋涛北路,CG,北直,2,14,15,,,,
62,庆春路东路秋涛北路,DE,南左,1,6,,,,,
63,凤起路-双菱路,A,西直,2,2,3,,,,
63,凤起路-双菱路,A,东直,3,8,9,10,,,
63,凤起路-双菱路,B,西左,1,1,,,,,
63,凤起路-双菱路,C,南左,1,5,,,,,
63,凤起路-双菱路,B,东左,1,7,,,,,
65,凤起东路秋涛北路,D,东直,2,10,11,,,,
65,凤起东路秋涛北路,AB,北直,2,14,15,,,,
65,凤起东路秋涛北路,BC,北左,1,13,,,,,
65,凤起东路秋涛北路,C,南左,1,5,,,,,
65,凤起东路秋涛北路,A,南直,2,6,7,,,,
65,凤起东路秋涛北路,E,东左,1,1,,,,,
65,凤起东路秋涛北路,D,西直,2,2,3,,,,
65,凤起东路秋涛北路,E,西左,1,9,,,,,
66,秋涛北路景芳路,A,南直,3,1,2,3,,,
66,秋涛北路景芳路,D,西直,1,5,,,,,
66,秋涛北路景芳路,ABC,北左,1,6,,,,,
66,秋涛北路景芳路,AC,北直,3,7,8,9,,,
67,秋涛北路昙花庵路,AB,南直,2,3,4,,,,
67,秋涛北路昙花庵路,ABE,北直,3,8,9,10,,,
67,秋涛北路昙花庵路,C,西直,1,1,,,,,
67,秋涛北路昙花庵路,D,北左,1,7,,,,,
67,秋涛北路昙花庵路,C,东直,1,6,,,,,
67,秋涛北路昙花庵路,D,南左,1,2,,,,,
107,艮山西路凯旋路,A,西直,2,2,3,,,,
107,艮山西路凯旋路,AE,西右,1,4,,,,,
107,艮山西路凯旋路,B,西左,1,1,,,,,
107,艮山西路凯旋路,CD,南直,1,6,,,,,
107,艮山西路凯旋路,D,北直,2,14,15,,,,
107,艮山西路凯旋路,DE,南左,1,5,,,,,
107,艮山西路凯旋路,E,北左,1,13,,,,,
107,艮山西路凯旋路,A,东直,4,9,10,11,12,,
107,艮山西路凯旋路,CD,南右,1,7,,,,,
107,艮山西路凯旋路,B,东左,1,8,,,,,
108,新塘路艮山西路,A,西直,1,4,,,,,
108,新塘路艮山西路,AB,东直,1,11,,,,,
108,新塘路艮山西路,BCD,东左,2,9,10,,,,
108,新塘路艮山西路,CD,西左,1,3,,,,,
108,新塘路艮山西路,E,南直,2,7,8,,,,
108,新塘路艮山西路,EG,北直,2,14,15,,,,
108,新塘路艮山西路,F,南左,2,5,6,,,,
108,新塘路艮山西路,FG,北左,1,13,,,,,
128,庆春东路景昙路,AC,西直,2,2,3,,,,
128,庆春东路景昙路,AB,东直,2,7,8,,,,
128,庆春东路景昙路,BD,东左,1,6,,,,,
128,庆春东路景昙路,E,北直,1,10,,,,,
128,庆春东路景昙路,CD,西左,1,1,,,,,
129,凤起路-凯旋路,A,南直,2,1,2,,,,
129,凤起路-凯旋路,B,北左,1,5,,,,,
129,凤起路-凯旋路,D,东左,1,3,,,,,
129,凤起路-凯旋路,A,北直,2,6,7,,,,
154,秋涛北路新业路,A,南直,2,5,6,,,,
154,秋涛北路新业路,A,北直,1,13,,,,,
154,秋涛北路新业路,B,东直,1,3,,,,,
154,秋涛北路新业路,C,西直,1,2,,,,,
154,秋涛北路新业路,D,西左,1,1,,,,,
154,秋涛北路新业路,A,南左,1,4,,,,,
154,秋涛北路新业路,A,北左,1,12,,,,,
154,秋涛北路新业路,A,东直,1,11,,,,,
154,秋涛北路新业路,B,东直,1,10,,,,,
154,秋涛北路新业路,C,东直,1,9,,,,,
154,秋涛北路新业路,C,东左,1,8,,,,,
154,秋涛北路新业路,D,南右,1,7,,,,,
158,太平门直街-双菱路,A,南直,1,2,,,,,
158,太平门直街-双菱路,A,北直,1,4,,,,,
158,太平门直街-双菱路,B,西直,1,1,,,,,
158,太平门直街-双菱路,B,东直,1,3,,,,,
160,庆春东路新塘路,AB,北直,1,15,,,,,
160,庆春东路新塘路,A,南直,1,7,,,,,
160,庆春东路新塘路,C,南左,2,5,6,,,,
160,庆春东路新塘路,F,西左,2,1,2,,,,
160,庆春东路新塘路,DE,西直,1,3,,,,,
160,庆春东路新塘路,D,东直,2,10,11,,,,
160,庆春东路新塘路,C,北左,2,13,14,,,,
160,庆春东路新塘路,F,东左,1,9,,,,,
161,新塘路-景御路/太平门直街,DE,西直,2,1,2,,,,
161,新塘路-景御路/太平门直街,A,北直,3,11,12,13,,,
161,新塘路-景御路/太平门直街,AB,南直,3,4,5,6,,,
161,新塘路-景御路/太平门直街,C,北左,1,10,,,,,
161,新塘路-景御路/太平门直街,D,东直,2,8,9,,,,
161,新塘路-景御路/太平门直街,BC,南左,1,3,,,,,
162,凤起东路-新塘路,A,南直,1,7,,,,,
162,凤起东路-新塘路,A,北直,2,14,15,,,,
162,凤起东路-新塘路,B,南左,1,6,,,,,
162,凤起东路-新塘路,C,西直,2,3,4,,,,
162,凤起东路-新塘路,C,东直,1,11,,,,,
162,凤起东路-新塘路,D,西左,2,1,2,,,,
162,凤起东路-新塘路,A,右转,1,8,,,,,
162,凤起东路-新塘路,B,北左,1,13,,,,,
162,凤起东路-新塘路,D,东左,1,10,,,,,
163,新塘路-景芳路,CD,西直,1,2,,,,,
163,新塘路-景芳路,A,南直,4,3,4,5,6,,
163,新塘路-景芳路,A,北直,4,11,12,13,14,,
163,新塘路-景芳路,B,北左,1,10,,,,,
163,新塘路-景芳路,E,西左,1,1,,,,,
163,新塘路-景芳路,E,东左,1,8,,,,,
164,新塘路-昙花庵路,DE,东直,2,7,8,,,,
164,新塘路-昙花庵路,EF,东左,1,6,,,,,
164,新塘路-昙花庵路,C,南左,1,1,,,,,
164,新塘路-昙花庵路,A,南直,3,2,3,4,,,
164,新塘路-昙花庵路,BC,北左,1,9,,,,,
164,新塘路-昙花庵路,AB,北直,3,10,11,12,,,
165,新塘路-严家弄,AB,北直,3,9,10,11,,,
165,新塘路-严家弄,BC,北左,1,8,,,,,
165,新塘路-严家弄,A,南直,3,2,3,4,,,
165,新塘路-严家弄,D,东直,1,7,,,,,
165,新塘路-严家弄,C,南左,1,1,,,,,
165,新塘路-严家弄,E,东左,1,6,,,,,
165,新塘路-严家弄,AB,北右,1,12,,,,,
166,凤起路-景昙路,B,西左,1,1,,,,,
166,凤起路-景昙路,C,南直,2,6,7,,,,
166,凤起路-景昙路,A,西直,3,2,3,4,,,
166,凤起路-景昙路,A,东直,2,9,10,11,,,
166,凤起路-景昙路,B,东右,1,8,,,,,
166,凤起路-景昙路,C,北直,2,13,14,,,,
166,凤起路-景昙路,A,西右,1,5,,,,,
166,凤起路-景昙路,A,东右,1,12,,,,,
170,庆春路－凯旋路,AE,北直,2,6,7,,,,
170,庆春路－凯旋路,A,南直,2,1,2,,,,
170,庆春路－凯旋路,C,东直,2,4,5,,,,
170,庆春路－凯旋路,A,南右,1,3,,,,,
364,凯旋路太平门直街,A,南直,2,1,2,,,,
364,凯旋路太平门直街,A,北直,2,4,5,,,,
364,凯旋路太平门直街,B,东直,1,3,,,,,
365,太平门直街景昙,A,南直,2,3,4,,,,
365,太平门直街景昙,B,西直,2,1,2,,,,
365,太平门直街景昙,A,北直,2,7,8,,,,
365,太平门直街景昙,B,南直,2,5,6,,,,
366,采荷路-双菱路,B,东直,1,5,,,,,
366,采荷路-双菱路,B,东左,1,4,,,,,
366,采荷路-双菱路,A,北直,1,6,,,,,
366,采荷路-双菱路,B,西直,2,1,2,,,,
366,采荷路-双菱路,A,南直,1,3,,,,,
367,采荷路凯旋路,A,北左,1,5,,,,,
367,采荷路凯旋路,AC,南左,1,3,,,,,
367,采荷路凯旋路,B,东左,1,4,,,,,
367,采荷路凯旋路,A,南直,2,1,2,,,,
367,采荷路凯旋路,A,北直,1,6,,,,,
379,清江路杭海路,BC,西直,2,1,2,,,,
379,清江路杭海路,A,南左,4,3,4,5,6,,
379,清江路杭海路,A,南左,1,7,,,,,
379,清江路杭海路,BC,东直,2,8,9,,,,
383,昙花庵路景东路,A,西直,2,2,3,,,,
383,昙花庵路景东路,B,西左,1,1,,,,,
383,昙花庵路景东路,C,北直,1,8,,,,,
383,昙花庵路景东路,A,东直,2,6,7,,,,
383,昙花庵路景东路,B,东左,1,5,,,,,
383,昙花庵路景东路,C,北直,1,4,,,,,
384,昙花庵路景昙路,B,西直,1,1,,,,,
384,昙花庵路景昙路,A,南左,1,2,,,,,
384,昙花庵路景昙路,B,东直,1,3,,,,,
384,昙花庵路景昙路,A,北直,1,4,,,,,
385,景御路唐家井路,C,西直,2,1,2,,,,
385,景御路唐家井路,C,东直,2,6,7,,,,
385,景御路唐家井路,B,南左,1,3,,,,,
385,景御路唐家井路,A,南直,2,4,5,,,,
385,景御路唐家井路,A,北直,2,9,10,,,,
385,景御路唐家井路,B,北左,1,8,,,,,
386,景御路五福路,A,南直,2,3,4,,,,
386,景御路五福路,A,北直,2,7,8,,,,
386,景御路五福路,B,西直,2,1,2,,,,
386,景御路五福路,B,东直,2,5,6,,,,
387,凤起路五福路,A,西直,3,2,3,4,,,
387,凤起路五福路,A,东直,3,7,8,9,,,
387,凤起路五福路,B,西右,1,1,,,,,
387,凤起路五福路,C,南直,2,11,12,,,,
387,凤起路五福路,B,东左,1,6,,,,,
388,凤起路钱潮路,A,西直,3,2,3,4,,,
388,凤起路钱潮路,A,东直,3,10,11,12,,,
388,凤起路钱潮路,B,西左,1,1,,,,,
388,凤起路钱潮路,C,南直,2,7,8,,,,
388,凤起路钱潮路,D,南左,1,6,,,,,
388,凤起路钱潮路,B,东左,1,9,,,,,
388,凤起路钱潮路,C,北直,2,14,15,,,,
388,凤起路钱潮路,D,北左,1,13,,,,,
404,解放路杭海路,AB,西直,3,1,2,3,,,
404,解放路杭海路,AB,东直,3,4,5,6,,,
432,采菱路-凯旋路,AB,北直,2,3,4,,,,
432,采菱路-凯旋路,AB,北直,2,1,2,,,,
433,解放路-凯旋路,A,西直,1,1,,,,,
433,解放路-凯旋路,B,北左,1,4,,,,,
433,解放路-凯旋路,A,东直,1,2,,,,,
463,严家弄路-三新路,A,西直,2,1,2,,,,
463,严家弄路-三新路,B,南直,2,4,5,,,,
463,严家弄路-三新路,A,东直,2,7,8,,,,
463,严家弄路-三新路,B,南左,1,3,,,,,
463,严家弄路-三新路,B,南右,1,6,,,,,
464,严家弄路-运河西路,A,南直,1,2,,,,,
464,严家弄路-运河西路,A,北直,1,3,,,,,
464,严家弄路-运河西路,B,西直,1,1,,,,,
465,运河东路严家弄,C,西直,1,2,,,,,
465,运河东路严家弄,A,北直,2,10,11,,,,
465,运河东路严家弄,B,南左,1,4,,,,,
465,运河东路严家弄,C,东直,2,7,8,,,,
465,运河东路严家弄,C,西左,1,1,,,,,
465,运河东路严家弄,C,西右,1,3,,,,,
465,运河东路严家弄,B,北左,1,9,,,,,
468,运河东路-凤起路,A,南直,2,6,7,,,,
468,运河东路-凤起路,A,北直,2,13,14,,,,
468,运河东路-凤起路,CE,西直,3,2,3,4,,,
468,运河东路-凤起路,D,西左,1,1,,,,,
468,运河东路-凤起路,D,东左,1,8,,,,,
534,五福路-景芳路,A,西直,1,1,,,,,
534,五福路-景芳路,A,东直,1,3,,,,,
534,五福路-景芳路,B,南左,1,2,,,,,
534,五福路-景芳路,B,北直,1,4,,,,,
535,五福路-3号路,A,南左,1,1,,,,,
535,五福路-3号路,A,南直,1,2,,,,,
535,五福路-3号路,A,北直,2,3,4,,,,
544,塘工局路-艮山西路,A,南直,2,3,4,,,,
544,塘工局路-艮山西路,A,北直,2,6,7,,,,
544,塘工局路-艮山西路,B,南左,1,2,,,,,
544,塘工局路-艮山西路,C,西直,1,1,,,,,
544,塘工局路-艮山西路,C,东直,1,5,,,,,
545,塘工局路-严家弄路,A,南直,2,4,5,,,,
545,塘工局路-严家弄路,A,北直,2,6,7,,,,
545,塘工局路-严家弄路,A,北左,1,8,,,,,
545,塘工局路-严家弄路,B,南左,1,3,,,,,
545,塘工局路-严家弄路,C,西左,1,1,,,,,
545,塘工局路-严家弄路,C,西右,1,2,,,,,
546,塘工局路-支路三/运新路,A,南直,2,4,5,,,,
546,塘工局路-支路三/运新路,A,北直,2,6,7,,,,
546,塘工局路-支路三/运新路,A,北左,1,8,,,,,
546,塘工局路-支路三/运新路,B,南左,1,3,,,,,
546,塘工局路-支路三/运新路,C,西左,1,1,,,,,
546,塘工局路-支路三/运新路,C,西右,1,2,,,,,
547,塘工局路-杭海路,DE,东直,1,10,,,,,
547,塘工局路-杭海路,DE,东右,1,11,,,,,
547,塘工局路-杭海路,F,西左,1,1,,,,,
547,塘工局路-杭海路,EF,东左,1,9,,,,,
547,塘工局路-杭海路,AB,南直,2,6,7,,,,
547,塘工局路-杭海路,AB,南直,1,8,,,,,
547,塘工局路-杭海路,BC,南左,1,5,,,,,
547,塘工局路-杭海路,D,西直,2,2,3,,,,
547,塘工局路-杭海路,D,西右,1,4,,,,,
547,塘工局路-杭海路,A,北直,1,14,,,,,
547,塘工局路-杭海路,A,北左,1,15,,,,,
547,塘工局路-杭海路,C,北右,1,12,,,,,
584,之江东路-塘工局路,AB,南直,2,5,6,,,,
584,之江东路-塘工局路,AC,南左,1,4,,,,,
584,之江东路-塘工局路,B,北直,3,7,8,9,,,
584,之江东路-塘工局路,B,北左,1,10,,,,,
584,之江东路-塘工局路,D,西左,2,1,2,,,,
584,之江东路-塘工局路,D,西左,1,3,,,,,
600,塘工局路-昙花庵路,A,南直,2,6,7,,,,
600,塘工局路-昙花庵路,A,北直,2,14,15,,,,
600,塘工局路-昙花庵路,A,北右,1,16,,,,,
600,塘工局路-昙花庵路,B,南左,1,5,,,,,
600,塘工局路-昙花庵路,B,北左,1,13,,,,,
600,塘工局路-昙花庵路,C,西直,3,2,3,4,,,
600,塘工局路-昙花庵路,D,东左,2,8,9,,,,
600,塘工局路-昙花庵路,D,西左,1,1,,,,,
600,塘工局路-昙花庵路,C,东直,2,10,11,,,,
600,塘工局路-昙花庵路,C,东右,1,12,,,,,
634,新塘路新业路,C,东直,3,6,7,8,,,
634,新塘路新业路,A,北直,1,12,,,,,
634,新塘路新业路,B,北左,3,9,10,11,,,
634,新塘路新业路,DE,西左,2,1,2,,,,
634,新塘路新业路,CE,西直,2,3,4,,,,
634,新塘路新业路,D,东左,1,5,,,,,
635,新塘路-江锦路,AE,南直,3,2,3,4,,,
635,新塘路-江锦路,AD,北直,2,12,13,,,,
635,新塘路-江锦路,BD,北左,2,10,14,,,,
635,新塘路-江锦路,B,南左,1,1,,,,,
635,新塘路-江锦路,C,东左,2,6,7,,,,
686,凤起东路塘工局路,A,南直,2,5,6,,,,
686,凤起东路塘工局路,B,南左,1,4,,,,,
686,凤起东路塘工局路,C,西直,1,2,,,,,
686,凤起东路塘工局路,D,西左,1,1,,,,,
686,凤起东路塘工局路,A,北直,2,11,12,,,,
686,凤起东路塘工局路,B,北左,1,10,,,,,
686,凤起东路塘工局路,C,右转,1,3,,,,,
686,凤起东路塘工局路,C,东直,2,8,9,,,,
686,凤起东路塘工局路,D,东左,1,7,,,,,
687,凤起东路御道路,A,北直,2,10,11,,,,
687,凤起东路御道路,C,东直,4,5,6,7,8,,
687,凤起东路御道路,B,北左,1,9,,,,,
687,凤起东路御道路,C,西直,3,2,3,4,,,
687,凤起东路御道路,D,西左,1,1,,,,,
761,凤起东路三新路,A,南直,2,7,8,,,,
761,凤起东路三新路,A,北直,2,15,16,,,,
761,凤起东路三新路,B,西直,3,2,3,4,,,
761,凤起东路三新路,B,东直,3,11,12,13,,,
761,凤起东路三新路,C,西左,1,1,,,,,
761,凤起东路三新路,B,右转,1,5,,,,,
761,凤起东路三新路,A,南左,1,6,,,,,
761,凤起东路三新路,A,右转,1,9,,,,,
761,凤起东路三新路,B,右转,1,14,,,,,
761,凤起东路三新路,C,东左,1,10,,,,,
794,昙花庵路-钱潮路,B,南左,1,3,,,,,
794,昙花庵路-钱潮路,D,西左,1,1,,,,,
794,昙花庵路-钱潮路,C,西直,1,2,,,,,
794,昙花庵路-钱潮路,A,北直,2,12,13,,,,
794,昙花庵路-钱潮路,A,南直,2,4,5,,,,
794,昙花庵路-钱潮路,B,北左,1,11,,,,,
794,昙花庵路-钱潮路,D,东左,1,7,,,,,
794,昙花庵路-钱潮路,C,东直,3,8,9,10,,,
794,昙花庵路-钱潮路,A,右转,1,14,,,,,
794,昙花庵路-钱潮路,A,右转,1,6,,,,,
795,景芳路-钱潮路,A,南直,1,3,,,,,
795,景芳路-钱潮路,B,南左,1,2,,,,,
795,景芳路-钱潮路,C,东直,1,4,,,,,
795,景芳路-钱潮路,C,西直,1,1,,,,,
795,景芳路-钱潮路,A,北直,1,6,,,,,
795,景芳路-钱潮路,B,北左,1,5,,,,,
801,之江路－富春路,A,南直,3,6,7,8,,,
801,之江路－富春路,A,北直,2,9,10,,,,
801,之江路－富春路,C,西左,3,1,2,3,,,
801,之江路－富春路,B,南左,1,5,,,,,
801,之江路－富春路,A,右转,2,11,12,,,,
801,之江路－富春路,C,右转,1,4,,,,,
802,富春路-钱潮路,A,南直,2,10,11,,,,
802,富春路-钱潮路,A,北直,2,2,3,,,,
802,富春路-钱潮路,B,北左,1,1,,,,,
802,富春路-钱潮路,C,西直,3,6,7,8,,,
802,富春路-钱潮路,C,东直,3,14,15,16,,,
802,富春路-钱潮路,D,西左,1,5,,,,,
802,富春路-钱潮路,A,右转,1,12,,,,,
802,富春路-钱潮路,A,右转,1,4,,,,,
802,富春路-钱潮路,B,南左,1,9,,,,,
802,富春路-钱潮路,D,东左,1,13,,,,,
803,庆春东路富春路,AC,南直,2,8,9,,,,
803,庆春东路富春路,AB,北直,2,15,16,,,,
803,庆春东路富春路,CD,南左,2,6,7,,,,
803,庆春东路富春路,E,西直,3,3,4,5,,,
803,庆春东路富春路,F,西左,2,1,2,,,,
803,庆春东路富春路,BD,北左,2,13,14,,,,
803,庆春东路富春路,E,东直,2,11,12,,,,
803,庆春东路富春路,F,东左,1,10,,,,,
804,江锦路-富春路,E,东直,2,10,11,,,,
804,江锦路-富春路,AB,北直,3,14,15,16,,,
804,江锦路-富春路,AC,南直,4,5,6,7,8,,
804,江锦路-富春路,CD,南左,1,4,,,,,
804,江锦路-富春路,E,西直,2,2,3,,,,
804,江锦路-富春路,F,西左,1,1,,,,,
804,江锦路-富春路,BD,北左,1,13,,,,,
804,江锦路-富春路,E,右转,1,12,,,,,
804,江锦路-富春路,F,东左,1,9,,,,,
805,新业路富春路,AB,北左,1,14,,,,,
805,新业路富春路,AC,南左,1,7,,,,,
805,新业路富春路,CD,西直,1,5,,,,,
805,新业路富春路,E,东直,3,10,11,12,,,
805,新业路富春路,F,西左,2,1,2,,,,
805,新业路富春路,BD,东直,1,13,,,,,
805,新业路富春路,E,西直,2,3,4,,,,
805,新业路富春路,AB,北直,1,15,,,,,
805,新业路富春路,CD,南左,1,6,,,,,
805,新业路富春路,F,南直,1,9,,,,,
805,新业路富春路,AC,南直,1,8,,,,,
806,富春路城星路,AC,南直,3,5,6,7,,,
806,富春路城星路,AB,北直,4,13,14,15,16,,
806,富春路城星路,BD,北左,1,12,,,,,
806,富春路城星路,E,西直,2,2,3,,,,
806,富春路城星路,F,西左,1,1,,,,,
806,富春路城星路,CD,南左,1,4,,,,,
806,富春路城星路,E,东直,2,10,11,,,,
806,富春路城星路,F,东左,2,8,9,,,,
807,富春路解放东路,A,南直,2,7,8,,,,
807,富春路解放东路,D,西左,2,1,2,,,,
807,富春路解放东路,B,南左,2,5,6,,,,
807,富春路解放东路,C,西直,2,3,4,,,,
807,富春路解放东路,A,北直,2,15,16,,,,
807,富春路解放东路,D,东左,2,9,10,,,,
807,富春路解放东路,B,北左,2,13,14,,,,
807,富春路解放东路,C,东直,2,11,12,,,,
818,解放东路秋涛路,AB,西直,2,3,4,,,,
818,解放东路秋涛路,A,东直,2,11,12,,,,
818,解放东路秋涛路,C,东左,2,9,10,,,,
818,解放东路秋涛路,EF,北左,1,13,,,,,
818,解放东路秋涛路,BC,西左,2,1,2,,,,
818,解放东路秋涛路,F,南左,2,5,6,,,,
818,解放东路秋涛路,DE,北直,3,14,15,16,,,
818,解放东路秋涛路,D,南直,2,7,8,,,,
821,庆春东路钱江路,A,西直,2,3,4,,,,
821,庆春东路钱江路,B,西左,2,1,2,,,,
821,庆春东路钱江路,C,北直,3,14,15,16,,,
821,庆春东路钱江路,D,南左,2,5,6,,,,
821,庆春东路钱江路,C,南直,2,7,8,,,,
821,庆春东路钱江路,A,西直,2,10,12,,,,
821,庆春东路钱江路,B,东左,2,9,11,,,,
821,庆春东路钱江路,D,北左,1,13,,,,,
822,钱江路江锦路,C,东直,2,11,12,,,,
822,钱江路江锦路,A,北直,3,14,15,16,,,
822,钱江路江锦路,A,南直,3,6,7,9,,,
822,钱江路江锦路,B,南左,2,5,8,,,,
822,钱江路江锦路,B,北左,1,13,,,,,
822,钱江路江锦路,C,西直,2,2,3,,,,
822,钱江路江锦路,C,西右,1,4,,,,,
822,钱江路江锦路,D,西左,1,1,,,,,
822,钱江路江锦路,D,东左,1,10,,,,,
823,钱江路新业路,CD,南左,1,8,,,,,
823,钱江路新业路,AB,北直,3,14,15,16,,,
823,钱江路新业路,C,南左,1,5,,,,,
823,钱江路新业路,E,西直,3,2,3,4,,,
823,钱江路新业路,E,东直,3,10,11,12,,,
823,钱江路新业路,F,东左,1,9,,,,,
823,钱江路新业路,C,北左,1,13,,,,,
823,钱江路新业路,F,西左,1,1,,,,,
824,钱江路解放东路,A,北直,3,14,15,16,,,
824,钱江路解放东路,B,南左,1,5,,,,,
824,钱江路解放东路,CE,西直,2,3,4,,,,
824,钱江路解放东路,C,东直,2,11,12,,,,
824,钱江路解放东路,DE,西左,2,1,2,,,,
824,钱江路解放东路,D,东左,2,9,10,,,,
824,钱江路解放东路,A,南直,2,6,7,,,,
824,钱江路解放东路,B,北左,1,13,,,,,
824,钱江路解放东路,A,南左,1,8,,,,,
825,城星路钱江路,A,南直,3,2,3,4,,,
825,城星路钱江路,A,南右,1,5,,,,,
825,城星路钱江路,A,北直,3,11,12,13,,,
825,城星路钱江路,B,南左,1,1,,,,,
825,城星路钱江路,B,北左,2,10,14,,,,
825,城星路钱江路,C,东左,2,6,7,,,,
825,城星路钱江路,C,东右,2,8,9,,,,
834,钱潮路钱江路,C,东直,2,9,10,,,,
834,钱潮路钱江路,C,东右,1,11,,,,,
834,钱潮路钱江路,B,南左,1,4,,,,,
834,钱潮路钱江路,B,北左,1,12,,,,,
834,钱潮路钱江路,A,北直,3,5,6,7,,,
834,钱潮路钱江路,C,西直,2,2,3,,,,
834,钱潮路钱江路,D,西左,1,1,,,,,
834,钱潮路钱江路,D,东左,1,8,,,,,
834,钱潮路钱江路,A,北直,3,13,14,15,,,
834,钱潮路钱江路,A,北右,1,16,,,,,
836,之江路－钱潮路,A,南直,2,5,6,,,,
836,之江路－钱潮路,A,北直,3,7,8,9,,,
836,之江路－钱潮路,C,西左,2,1,2,,,,
836,之江路－钱潮路,BC,右转,1,3,,,,,
836,之江路－钱潮路,B,南左,1,4,,,,,
836,之江路－钱潮路,A,右转,1,10,,,,,
837,庆春东路之江路,A,南直,3,6,7,8,,,
837,庆春东路之江路,A,北直,2,9,10,,,,
837,庆春东路之江路,B,南直,1,5,,,,,
837,庆春东路之江路,C,西左,2,1,2,,,,
837,庆春东路之江路,C,北右,1,11,,,,,
837,庆春东路之江路,BC,西右,2,3,4,,,,
838,之江路新业路,BC,西左,2,4,5,,,,
838,之江路新业路,AD,南直,2,7,8,,,,
838,之江路新业路,A,北直,3,9,10,11,,,
838,之江路新业路,BD,南左,1,6,,,,,
838,之江路新业路,C,西左,3,1,2,3,,,
838,之江路新业路,A,北左,1,12,,,,,
839,之江路解放东路,BC,西左,2,4,5,,,,
839,之江路解放东路,AD,南直,3,7,8,9,,,
839,之江路解放东路,A,北右,1,13,,,,,
839,之江路解放东路,A,北直,3,10,11,12,,,
839,之江路解放东路,BD,南左,1,6,,,,,
839,之江路解放东路,C,西左,3,1,2,3,,,
843,之江路－钱江路,A,西直,1,2,,,,,
843,之江路－钱江路,B,西左,1,1,,,,,
843,之江路－钱江路,C,北直,1,8,,,,,
843,之江路－钱江路,D,南左,2,3,4,,,,
843,之江路－钱江路,B,东左,2,5,6,,,,
843,之江路－钱江路,D,北左,1,7,,,,,
844,江锦路民心路,A,西直,2,2,3,,,,
844,江锦路民心路,A,东直,2,7,8,,,,
844,江锦路民心路,B,西左,1,1,,,,,
844,江锦路民心路,C,南直,2,4,5,,,,
844,江锦路民心路,B,东左,1,6,,,,,
845,江锦路梁祝路,A,西直,2,1,2,,,,
845,江锦路梁祝路,A,东直,2,3,4,,,,
845,江锦路梁祝路,B,北左,1,5,,,,,
845,江锦路梁祝路,B,右转,1,6,,,,,
846,江锦路剧院路,A,南直,2,3,4,,,,
846,江锦路剧院路,A,北直,2,5,6,,,,
846,江锦路剧院路,B,西左,1,1,,,,,
846,江锦路剧院路,B,右转,1,2,,,,,
847,民心路丹桂路,A,南直,2,1,2,,,,
847,民心路丹桂路,A,北直,2,5,6,,,,
847,民心路丹桂路,B,东左,1,3,,,,,
847,民心路丹桂路,B,右转,1,4,,,,,
848,丹桂路四季路,A,西直,1,1,,,,,
848,丹桂路四季路,A,西右,1,2,,,,,
848,丹桂路四季路,A,东直,1,6,,,,,
848,丹桂路四季路,A,东左,1,5,,,,,
848,丹桂路四季路,B,南左,1,3,,,,,
848,丹桂路四季路,B,南右,1,4,,,,,
849,丹桂路剧院路,A,南左,1,3,,,,,
849,丹桂路剧院路,A,南直,1,4,,,,,
849,丹桂路剧院路,A,北直,1,5,,,,,
849,丹桂路剧院路,A,北右,1,6,,,,,
849,丹桂路剧院路,B,西左,1,1,,,,,
849,丹桂路剧院路,B,西右,1,2,,,,,
850,民心路梁祝路,A,西直,1,1,,,,,
850,民心路梁祝路,A,西右,1,2,,,,,
850,民心路梁祝路,A,东左,1,5,,,,,
850,民心路梁祝路,A,东直,1,6,,,,,
850,民心路梁祝路,B,南左,1,3,,,,,
850,民心路梁祝路,B,南右,1,4,,,,,
851,民心路剧院路,A,南左,1,3,,,,,
851,民心路剧院路,A,南直,1,4,,,,,
851,民心路剧院路,A,北直,1,5,,,,,
851,民心路剧院路,A,北右,1,6,,,,,
851,民心路剧院路,B,西左,1,1,,,,,
851,民心路剧院路,B,西右,1,2,,,,,
852,城星路-市民路,A,西直,2,2,3,,,,
852,城星路-市民路,A,西右,1,4,,,,,
852,城星路-市民路,A,东直,2,8,9,,,,
852,城星路-市民路,A,东右,1,10,,,,,
852,城星路-市民路,B,西左,1,1,,,,,
852,城星路-市民路,B,东左,1,7,,,,,
852,城星路-市民路,C,北直,2,11,12,,,,
852,城星路-市民路,C,南直,2,5,6,,,,
853,城星路-森林路,A,西直,2,1,2,,,,
853,城星路-森林路,A,西右,1,3,,,,,
853,城星路-森林路,A,东左,1,6,,,,,
853,城星路-森林路,A,东直,2,7,8,,,,
853,城星路-森林路,B,南左,1,4,,,,,
853,城星路-森林路,B,南右,1,5,,,,,
854,城星路-五星路,A,南左,1,3,,,,,
854,城星路-五星路,A,南直,1,4,,,,,
854,城星路-五星路,A,北直,1,5,,,,,
854,城星路-五星路,A,北右,1,6,,,,,
854,城星路-五星路,B,西左,1,1,,,,,
854,城星路-五星路,B,西右,1,2,,,,,
855,市民路市民路,A,南直,1,1,,,,,
855,市民路市民路,A,南右,1,2,,,,,
855,市民路市民路,A,北左,1,5,,,,,
855,市民路市民路,A,北直,1,6,,,,,
856,市民路森林路,A,西左,1,1,,,,,
856,市民路森林路,A,西直,1,2,,,,,
856,市民路森林路,A,东直,1,3,,,,,
856,市民路森林路,A,东右,1,4,,,,,
856,市民路森林路,B,北左,1,5,,,,,
856,市民路森林路,B,北右,1,6,,,,,
857,市民路五星路,A,南左,1,3,,,,,
857,市民路五星路,A,南直,1,4,,,,,
857,市民路五星路,A,北直,1,5,,,,,
857,市民路五星路,A,北右,1,6,,,,,
857,市民路五星路,B,西左,1,1,,,,,
857,市民路五星路,B,西右,1,2,,,,,
858,市民路香樟路,A,南直,1,1,,,,,
858,市民路香樟路,A,南右,1,2,,,,,
858,市民路香樟路,A,北直,1,6,,,,,
858,市民路香樟路,A,北左,1,5,,,,,
858,市民路香樟路,B,东左,1,3,,,,,
858,市民路香樟路,B,东右,1,4,,,,,
859,香樟路公园路,A,西左,1,1,,,,,
859,香樟路公园路,A,西直,1,2,,,,,
859,香樟路公园路,A,东直,1,3,,,,,
859,香樟路公园路,A,东右,1,4,,,,,
859,香樟路公园路,B,北左,1,5,,,,,
859,香樟路公园路,B,北右,1,6,,,,,
860,香樟路五星路,B,西左,1,1,,,,,
860,香樟路五星路,B,西右,1,2,,,,,
860,香樟路五星路,A,北直,1,5,,,,,
860,香樟路五星路,A,北右,1,6,,,,,
911,运河东路运新路,A,南直,2,1,2,,,,
911,运河东路运新路,A,北左,1,5,,,,,
911,运河东路运新路,A,北直,1,6,,,,,
911,运河东路运新路,B,东左,1,3,,,,,
911,运河东路运新路,B,东右,1,4,,,,,
963,钱江路市民中心,AB,北直,3,4,5,6,,,
